TF,t
ADNP,1.6730799466879216
ADNP2,6.778156595544079
AEBP2,3.872172084296937
AHR,1.7688775098251226
AHRR,-0.9447342932090717
AIRE,-0.8492062125564738
ALX1,0.048201782392195254
ALX3,-0.1259009577615745
ALX4,0.6000938806252478
AR,0.6809569820957502
ARID2,-0.4204739836287376
ARID3A,2.847617496063791
ARID3B,0.7408570693138228
ARID5A,-7.23537189149818
ARID5B,6.379874956966287
ARNT,0.7940302950577
ARNT2,-3.472767038485545
ARNTL,-0.7764334999383901
ARNTL2,9.579426459256704
ARX,-0.9176962578638547
ASCL1,3.261984134500476
ASCL2,0.8159778243551876
ATF1,-0.21809110824758482
ATF2,-0.39844247871771254
ATF3,-4.17894540045123
ATF4,2.914817602344428
ATF5,0.63515612527057
ATF6,1.479130885993729
ATF6B,-7.786231711944207
ATF7,-0.3775379739267596
ATOH1,-0.17881443024931326
ATOH8,-0.48364166041008383
BACH1,1.37226205872141
BACH2,-0.18809787635919653
BARHL1,-1.1743552348942046
BARHL2,0.1499955290661974
BARX1,-0.6981598221669996
BARX2,1.5490312617193824
BATF,2.717120137888718
BATF2,1.553987148980902
BATF3,9.176078422424649
BBX,-2.4344885820806574
BCL11A,1.5656415100662204
BCL11B,0.4113921333443449
BCL6,-3.7272798857637084
BCL6B,1.4303965630748736
BHLHA15,1.9091569567836681
BHLHE22,-0.6292284664196779
BHLHE23,0.08244566499956768
BHLHE40,-5.438806861230321
BHLHE41,0.1809091686078344
BNC1,1.122329547950816
BNC2,-4.594569985213224
BRF2,0.49382085351995336
BSX,0.6173175543090694
CASZ1,-0.06999925746190819
CBX2,0.040186022154895695
CDC5L,-1.2674205215318237
CDX1,-0.456129038730096
CEBPA,1.0101839497140759
CEBPB,1.7872614484970129
CEBPD,-0.26466546718971845
CEBPG,-0.6556884017066252
CEBPZ,-1.6391966349480382
CENPB,0.19105429398256527
CIC,2.5033055535306956
CLOCK,0.19004262708381142
CREB1,3.5723290462799127
CREB3,2.5914469527220567
CREB3L1,2.0607589249456497
CREB3L2,1.318878741764373
CREB3L4,-3.118847334136585
CREB5,1.4853413802093265
CREBL2,-4.982062523858078
CREBZF,-1.1334064016206087
CREM,2.242368639514173
CRX,-2.851195505501129
CSRNP1,15.703578617451713
CSRNP2,1.4526344266070905
CSRNP3,-4.7552167901756794
CTCF,0.6714992563397307
CTCFL,1.0333010267993017
CUX1,0.7921700460506113
CUX2,-1.5099745926202521
CXXC1,-2.9043021759169276
CXXC4,3.3512472002658367
DBP,1.75743738240685
DDIT3,1.2522045899662497
DEAF1,-0.7627569936088409
DLX1,-2.6415736679712816
DLX2,0.6800868950990813
DLX3,1.40103518303907
DLX4,-2.034703038930907
DLX5,0.3358700855857296
DLX6,2.196355055625673
DMBX1,2.019973512745992
DMRT3,-1.4331390148168865
DMRTA1,0.14091112509687143
DMTF1,-3.216282333513049
DNMT1,-0.3244760757333282
DUX4,-1.247167482204822
DUXA,0.13487870678576522
E2F1,1.2522539122654925
E2F2,1.208655017890408
E2F3,1.1734688194873424
E2F4,2.4361108351666165
E2F5,0.7947108785852637
E2F6,-0.6327922305141468
E2F7,2.2735493599436687
E2F8,-0.5947247044516251
E4F1,-1.1495287610651563
EBF1,0.873418753335173
EBF2,-2.696541759089183
EBF3,-5.440796801965256
EBF4,-1.696140123807003
EGR1,1.9201688823220338
EGR2,-1.0390665750098536
EGR3,5.860088409889367
EGR4,4.160509290989819
EHF,1.3791569559006982
ELF1,2.236621142714683
ELF2,1.3820312267982306
ELF3,0.42887317840714845
ELF4,5.335238316509317
ELF5,-0.18897519743516455
ELK1,1.3645781366626646
ELK3,-0.48739280922246897
ELK4,1.681312597184749
EMX1,0.820451318552037
EMX2,-2.814831808145188
EN1,0.4447849117861969
EN2,1.459808274891119
EOMES,-0.7347309656058624
EPAS1,3.529523586004607
ERF,-3.9037743343521814
ERG,0.31452649473726657
ESR1,0.4728260660563068
ESR2,1.88412184033829
ESRRA,0.270609678613976
ESRRB,-1.0939820619571035
ESRRG,-1.1011583319531038
ESX1,-0.3325960286706613
ETS1,3.420488264785887
ETS2,4.429908530202436
ETV1,-0.6951415113483923
ETV2,-0.5718150115218396
ETV3,-4.485483679538219
ETV4,-1.5302302507604113
ETV5,0.9805814737696943
ETV6,-1.543389277078782
ETV7,-5.793202577424242
EVX1,0.6968199708229716
EVX2,-1.4068713974710954
FEV,1.1468272253750527
FEZF1,-2.1018235687611266
FIGLA,-1.056259210353534
FIZ1,3.855945007472278
FLI1,1.3689572781320722
FOS,2.6154811408550787
FOSB,2.557357933777125
FOSL1,-0.7028283477063553
FOSL2,-1.8578274566772102
FOXA1,-1.584381964383669
FOXA3,-1.1942383950685043
FOXB1,0.822869600488002
FOXC1,0.16996376875269495
FOXC2,-1.299619444150493
FOXD1,-2.0898951891495483
FOXD2,-0.9688327019145944
FOXD3,-1.1403006150219337
FOXF1,2.7676080461473718
FOXF2,-2.1996030829700164
FOXG1,1.291953395933983
FOXH1,-1.7815376627532056
FOXI1,-0.7130395043738138
FOXJ1,-0.21062452696849315
FOXJ2,-0.8973447510794104
FOXJ3,1.8170526843659034
FOXK1,0.4709258649969202
FOXK2,3.4965515154893416
FOXL1,-0.1409265584146505
FOXL2,4.216790401638128
FOXM1,-0.06716447136651033
FOXN1,-0.5852255502882602
FOXN2,-0.5447816769890285
FOXN3,1.5273516150368935
FOXN4,1.885739596525481
FOXO1,0.6460192777232179
FOXO3,0.8305534331209551
FOXO4,1.515725442650615
FOXO6,-0.605289807260617
FOXP1,-0.4243739322070246
FOXP2,-2.645806497108398
FOXP3,-0.5789867681116277
FOXP4,-0.912211868851707
FOXQ1,0.09192680615731047
FOXS1,2.453214575795088
GABPA,0.1867163240380796
GATA2,-1.457625628837576
GATA3,0.11657890766344546
GATA4,1.8434380010272748
GATA5,-2.602265667275121
GATA6,1.4442448666925363
GATAD2A,-9.804365246169603
GATAD2B,-1.2241034210115498
GBX1,0.3898897174766527
GBX2,-1.9494868645734504
GCM1,-0.09097290101737118
GCM2,-0.3321456883578494
GFI1,-0.40846531462137037
GFI1B,0.5201661393137895
GLI1,-1.6124778359456169
GLI2,-0.2470949926262425
GLI3,1.523766157721477
GLI4,-1.1551200898606928
GLIS1,1.3024201581063461
GLIS2,0.5795092636779807
GLIS3,7.637588214634972
GLYR1,1.5307558433044208
GMEB1,1.3270683723435186
GMEB2,4.812995305651038
GRHL1,3.799230806874041
GRHL2,1.1145730721050955
GRHL3,-0.3753888682739344
GSC,0.5670406910560175
GSC2,-0.6100477628208991
GSX1,-0.01639964350441868
GSX2,-1.5456805529084137
GTF2B,-0.710219270972652
GTF3A,-2.8018997721401933
GZF1,-3.826046719779958
HAND1,0.0517912682771941
HAND2,-3.016231995800506
HBP1,-2.325573086172646
HDX,1.3118121428057303
HES1,0.07949552153828113
HES2,0.7510420028206876
HES4,-1.9528727413343954
HES5,0.5919718515551532
HES6,-0.7633383928285542
HES7,1.3783433351081582
HESX1,-0.7429520971613245
HEY1,-1.8046371977582105
HEY2,-3.2274655425725545
HEYL,0.5967824039038431
HHEX,0.29975237477071814
HIC1,-0.7447064828149902
HIC2,-1.176878268605462
HIF1A,4.496155602998367
HIF3A,-0.7867476490157109
HINFP,1.3886317779172999
HIVEP1,6.716275004984721
HIVEP2,9.480024816882503
HIVEP3,5.404580810868469
HLF,-0.7337194107833327
HLX,0.21643732702178498
HMBOX1,-1.1580744357370292
HMG20A,-4.5937836920874675
HMG20B,-3.730816273359071
HMGA1,1.8515753459324718
HMGA2,0.9395038734245786
HMGN3,2.899656718812638
HMX1,0.2839954483175609
HMX2,0.429343930310452
HMX3,-0.026605874147634597
HNF1B,0.8565674676515898
HNF4A,-0.5504935378038514
HNF4G,1.6358328075262922
HOMEZ,-1.8032088226650855
HOXA1,-1.3482525617808907
HOXA11,-0.3666091382110216
HOXA13,-0.7323337509590359
HOXA2,-0.06664607705795078
HOXA3,-1.4737850043235845
HOXA4,-0.1250220678569513
HOXA5,0.6711296379695058
HOXA6,-0.4686198424157477
HOXA7,-1.226357977187177
HOXA9,0.5671983554933445
HOXB13,-1.3079068609414803
HOXB2,-1.589203705484261
HOXB3,-2.602599918720985
HOXB4,0.8505409099054079
HOXB5,-0.06158737521779177
HOXB6,-1.146655943533863
HOXB7,0.39944262414349613
HOXB8,0.37539972748421346
HOXC10,-0.5965170138024668
HOXC11,-2.120033995197427
HOXC12,-0.7587940519817018
HOXC13,-2.3648796250951096
HOXC4,-4.014783970666301
HOXC6,-1.2290261983592339
HOXC8,-1.0644406928685095
HOXC9,-1.4718339345866949
HOXD11,-0.08558698266051942
HOXD12,-0.8874974842279068
HOXD13,-0.1510395467826625
HOXD3,-1.4213861494240925
HOXD8,-2.3067022743503682
HOXD9,0.3497974694554161
HSF1,0.25922770072705387
HSF2,0.418160489504268
HSF4,-1.7805311961413166
IKZF1,0.26828605299407177
IKZF2,-1.3812362946166232
IKZF3,1.2561913923520585
IKZF4,-0.5553641837300968
IKZF5,2.017277712249032
INSM1,-0.3540466218539693
IRF1,1.1907619105127034
IRF2,1.8857336025101872
IRF3,-0.23886745245156585
IRF4,2.1079899286361896
IRF5,-0.8441914692294856
IRF6,-0.7916318811452752
IRF8,-0.07992979287586222
IRF9,1.6354887884039238
IRX2,0.5878972723336684
IRX3,-0.2193103229755365
IRX4,0.35528173694253123
IRX5,0.9429818043441911
IRX6,2.750605394648143
ISL1,0.9868317264790105
ISL2,-0.9554967820288027
ISX,0.6173175543090694
JDP2,-2.9593592439705407
JUN,2.632169829981426
JUNB,3.1308569841443266
JUND,1.1159480431147397
KAT7,-3.972076429232082
KDM2A,2.5897203439136343
KDM5B,0.7822904877712419
KLF1,3.3415321374186813
KLF10,-11.054615011928398
KLF11,3.206509440100257
KLF12,2.38111893672518
KLF13,1.3006320202974988
KLF14,0.6349926703571589
KLF15,1.9183981733911346
KLF16,5.383002580241754
KLF2,0.11491732563028474
KLF3,0.8754206391419054
KLF4,-0.11147779395079582
KLF5,0.4191757796437322
KLF6,3.3469014874550265
KLF7,-0.17142855735115659
KLF8,-4.264425866817163
KLF9,0.6373070146203161
KMT2A,-0.32323871021939704
KMT2B,-1.2787437293777857
L3MBTL1,-4.759198258882722
LBX1,0.44601603330735584
LBX2,-0.7564885492659499
LEF1,0.4880052133624056
LHX2,-0.7633189619981909
LHX3,-0.08999608534349542
LHX4,-3.0802669954873005
LHX6,-0.47086594606633386
LHX8,-0.14911104128404173
LHX9,0.6173175543090694
LIN54,0.383430705199253
LMX1A,-0.40178066275384233
LMX1B,-1.2765889124404541
LYL1,0.04105715122821713
MAF,1.5625843257889367
MAFA,2.188267130279903
MAFB,1.5421080795362079
MAFF,2.0183696794857475
MAFG,1.0356153454254091
MAFK,0.3105470619645282
MAX,3.0763161996586788
MAZ,1.1146628712623288
MBD1,0.44035101895522294
MBD2,0.08003115767980824
MBD3,2.752405722052512
MBD4,1.9054171987405002
MECOM,-0.4535781905302129
MECP2,0.7208628581674396
MEF2A,1.658085958621626
MEF2B,1.2377841601154405
MEF2C,-0.6105832295168119
MEF2D,2.031450218639959
MEIS1,-1.608142144212345
MEIS2,-1.8160348972108207
MEIS3,0.30738814991836
MEOX1,0.33623676651186046
MEOX2,-4.634579407516373
MESP1,-1.2895835200677255
MGA,-2.417734215471031
MITF,3.4752140164986063
MIXL1,-0.5492185213800752
MKX,-2.8715820142471538
MLX,-0.8824503433991376
MLXIP,2.4480235179801895
MLXIPL,-0.785045469171319
MNT,-2.9064325013462766
MNX1,-1.1943022392964706
MSX1,-2.7858535910506106
MSX2,-0.7479496396247318
MTF1,3.475061278829298
MXD1,-9.415600779107923
MXD3,1.5836030591170973
MXD4,-0.0065019409177152964
MXI1,-2.537175982461931
MYB,0.4105309609431093
MYBL1,0.31796563700773967
MYBL2,1.2013736455209156
MYC,1.4258455296286514
MYCL,1.0066574669010018
MYCN,1.7320842171034885
MYF6,0.8557760682922174
MYNN,1.6741218873720787
MYOD1,1.4416562780991196
MYOG,-0.24779361984104656
MYRF,0.27520833861239197
MYT1,-0.8758481737547601
MYT1L,-0.5852557900326789
MZF1,-3.220425159823361
NANOG,-0.32455751724591586
NCOA1,0.5556905275356356
NCOA2,-0.29059009938088703
NCOA3,0.16773475128949047
NEUROD1,1.548859619880273
NEUROD2,0.15213021627881984
NEUROG1,-0.8951382354822651
NEUROG2,0.12911493803785157
NFAT5,-0.829527562857102
NFATC1,2.436349738226883
NFATC3,-2.185392050929945
NFATC4,-2.932901215404617
NFE2,0.6871637130252993
NFE2L1,0.2710772117335764
NFE2L2,2.650256050330726
NFE2L3,-0.05187149866411128
NFIA,-0.06381581788979158
NFIB,-4.8458897810274655
NFIC,-1.3779321580074928
NFIX,-6.075802466079367
NFKB1,5.371089665271623
NFKB2,-2.983971553420161
NFX1,3.6493465474370557
NFXL1,-0.668523322593362
NFYA,-0.01684370708222173
NFYB,0.15568177616763332
NFYC,1.0430288154451357
NHLH1,0.32941787730975186
NHLH2,0.019474479237792837
NKX2-1,-0.6100079759447228
NKX2-3,1.0167183818230763
NKX2-5,0.4653422076369751
NKX2-8,-0.7190675174108945
NKX3-1,-2.6505939572258845
NKX3-2,-0.4158555792080443
NKX6-1,-0.6991520308805983
NKX6-2,-0.63910046040638
NME2,0.24952642532722175
NOBOX,-0.44605802004033673
NOTO,1.1397565813114992
NPAS1,-0.17290641448868596
NPAS2,1.6972376681356882
NPAS3,-2.295262419124588
NPAS4,-2.0068805635719364
NR1D1,1.3231362476772963
NR1D2,-0.7803228379486666
NR1H2,3.426422190650046
NR1H3,1.1749040736852927
NR1H4,1.26334519158547
NR1I2,1.49142595347106
NR1I3,0.005825848051756381
NR2C1,2.927272251498433
NR2C2,-1.0728816787484086
NR2E1,1.0616348231627846
NR2E3,-1.1556444256969927
NR2F1,-0.9977092769955139
NR2F6,-0.29337674890983984
NR3C1,-1.1281111059403948
NR3C2,-3.2927768828459154
NR4A1,0.460841238652008
NR4A2,3.146775153137084
NR4A3,11.518313461262009
NR5A2,-0.3526867626500409
NR6A1,-1.0766086950352662
NRF1,0.7476192341003909
NRL,-3.2082165831636122
OLIG1,-0.20718776763277444
OLIG2,0.7691278619151579
OLIG3,0.13499503278337557
ONECUT1,0.6347058675177785
ONECUT2,-0.42352775685619265
ONECUT3,-0.7105360779973069
OSR1,-5.3231838918794745
OSR2,-3.01430596862528
OTX1,-0.1874955578047486
OTX2,-0.5005164390187543
OVOL1,-0.5988723974013316
OVOL2,-1.0954966915307285
PATZ1,3.3796079763266
PAX1,0.13737695554485368
PAX2,0.6578776140392455
PAX3,1.9956158614764496
PAX4,-0.14911104128404173
PAX5,1.492329382337185
PAX6,0.7634782888610854
PAX7,-1.6877551432151885
PAX9,0.8278839016855823
PBX1,-3.319403256900532
PBX2,0.6691663525813957
PBX3,-1.3701906436884932
PBX4,0.46327178224783044
PCGF2,-2.3364286088938715
PDX1,-0.3772736371483387
PEG3,-1.3914054057752496
PGR,-0.20099537947711082
PHOX2A,1.9350372947272836
PHOX2B,2.289041860691833
PITX1,-2.6566505845780664
PITX3,-0.8970680130771447
PKNOX1,0.0219570342926275
PKNOX2,-2.3868912664290187
PLAG1,0.44552231718525337
PLAGL1,-5.250805478117309
PLAGL2,1.8916645792407056
POU2F1,1.3226666325188632
POU2F3,0.5685894603540614
POU3F1,-0.5579989364281117
POU3F2,1.6135847269866763
POU3F3,-0.8658169386871831
POU3F4,0.345111261743415
POU4F1,0.05669452500662327
POU4F2,-0.5259504615074488
POU4F3,-0.42596679620672473
POU5F1,-1.032743345140741
POU5F1B,0.345111261743415
POU6F1,-1.0863321719359986
POU6F2,-1.5122375627999431
PPARA,-0.9258770469973505
PPARD,3.082783768479187
PPARG,1.0179503176419562
PRDM1,1.6753096467298212
PRDM10,-1.1916971898725084
PRDM14,3.0429818277503657
PRDM15,1.6399157694290245
PRDM16,-3.079050642964815
PRDM2,-0.060440851190288046
PRDM4,1.371804417853233
PRDM5,4.1953445295300975
PRDM6,-3.5901652364260634
PRDM8,-3.6315799420090626
PROP1,0.9581783869323519
PROX1,1.4340760771299486
PROX2,-1.5847630249310323
PRRX1,-1.897729053314213
PRRX2,2.0119811632106868
PTF1A,0.9932876499714773
PURA,-2.0276919252968044
PURB,3.5474874621850647
PURG,-2.450714484551019
RARA,3.432177419538618
RARB,0.1518078969255732
RARG,0.8650489186533202
RAX,-0.04198467587549675
RAX2,0.6173175543090694
RBAK,0.5935416211102631
RBPJ,2.0630073439965533
REL,2.8185645288949006
RELA,5.132352350448634
RELB,1.4957163320268612
RFX1,-1.0997694977884458
RFX2,-1.5487117818645533
RFX3,2.9995745456628673
RFX4,-2.2345377588730577
RFX7,-1.8719497057833212
RFX8,-0.783531714681386
RHOXF1,0.07094653283129881
RLF,5.85118425786516
RORA,0.493995156062969
RORB,-1.4995889434281366
RORC,-0.9737653981188565
RREB1,-0.7536953511360409
RUNX1,1.3953250812988736
RUNX2,1.9647801488564398
RUNX3,-1.9167625721178465
RXRA,-0.7283058197804118
RXRB,0.27259728723180543
RXRG,-2.7869351651153007
SALL1,-0.7141712126964154
SALL2,-4.396050069129198
SALL4,-0.11986860091277794
SATB1,-0.5694133257948586
SATB2,-1.152952307404952
SCRT1,1.4257627257486887
SCRT2,-0.7841567074658035
SCX,0.07532486542118248
SETDB1,-1.2764867271030866
SHOX,0.6173175543090694
SHOX2,-0.5425600471155725
SIM2,-1.0019666829500626
SIX1,-0.6858049937611396
SIX2,-1.7521307926222354
SIX3,-1.5629509001677848
SIX4,1.0232298046529467
SIX5,-1.4513262482083498
SKI,1.128200242518505
SMAD1,-0.10971432420007698
SMAD3,2.389218329943182
SMAD4,3.9187651211949666
SMAD5,-0.08208594303386843
SMAD9,0.028174565746670134
SNAI1,-2.86132623741368
SNAI2,-2.531056660755293
SNAI3,-1.0903059365409067
SNAPC4,-0.16194635468415672
SOX1,-0.6718595375141218
SOX10,2.1032236670376148
SOX11,1.6153238884358656
SOX12,-2.5231432805995566
SOX13,0.16268115622138077
SOX15,-2.6627943593666026
SOX17,2.212695670593355
SOX18,1.399547702834657
SOX2,-1.5784386899024547
SOX21,1.2308542745337996
SOX3,-0.5181924578040662
SOX4,1.034450056847306
SOX5,-1.2370434368480936
SOX6,0.3366296324964441
SOX7,7.810422745962126
SOX8,-1.906548738199628
SP1,4.277150063648902
SP100,4.104959281595946
SP110,4.003686268966765
SP140,3.1640201463723407
SP140L,2.510388662531699
SP2,-1.0280201827877982
SP3,-0.24446029406540978
SP4,-0.444452474462156
SP5,-1.99813165393689
SP6,1.584137688000918
SP8,0.437192726120387
SPI1,3.307011737725113
SPIB,1.1727873800758122
SPIC,-1.8515169851475421
SPZ1,-1.4631458906595145
SREBF1,0.7242756224749535
SREBF2,1.394476732597373
SRF,2.385197049888602
SRY,-0.6827631987705453
ST18,0.33622864891468285
STAT1,4.750518925671621
STAT2,1.5393128227600228
STAT3,5.26796177245574
STAT4,0.3905028241984502
STAT5A,1.5306604717280243
STAT5B,0.9866398615353339
STAT6,2.632746378220946
TAL1,-0.5329544598223703
TBP,2.5485086739923997
TBPL1,-1.248576986739941
TBR1,0.27848235340945465
TBX1,-0.23242855947147434
TBX15,0.9563639222684446
TBX18,6.671648118698197
TBX19,-0.028368459482646605
TBX2,-1.2370501287997007
TBX20,-0.1377416391734667
TBX21,0.5418117587499482
TBX3,-0.8050763822557565
TBX4,0.1086472935713797
TBX5,0.10181635750569952
TBX6,-2.746814605914598
TCF12,-0.08773454732756147
TCF15,-0.8996139992737019
TCF21,-2.8745970444351405
TCF23,1.8244277715047854
TCF3,-0.9097492693109943
TCF4,-2.127681812909397
TCF7,1.2735284135392408
TCF7L1,-3.772308126978043
TCF7L2,0.7217948291674151
TCFL5,-3.114825968985144
TEAD1,-1.4374882439432441
TEAD2,-0.6864637953517275
TEAD3,2.3003051379714985
TEAD4,1.558795139537377
TEF,0.18011637332226088
TERF1,0.5205104905019923
TERF2,1.3466149929391913
TET1,-2.813502953374401
TFAP2A,1.517406244911342
TFAP2B,1.5224465442617725
TFAP2C,-2.168818809774623
TFAP2E,-0.3637053486732895
TFAP4,0.4354675891567384
TFCP2L1,-0.5794421576168886
TFDP1,0.45147159957377936
TFDP2,-1.4648167220253314
TFE3,3.373516522803521
TFEB,0.9703008580434859
TFEC,1.9614662256843998
TGIF1,11.946301367265175
TGIF2,-2.276522376626451
THAP1,0.859210190416805
THAP10,-4.485178115363676
THAP11,0.8574640249490979
THAP2,-1.346115896237127
THAP3,-2.434722659890841
THAP4,-4.7194496016868275
THAP5,0.06528484816730074
THAP6,-4.881145339123942
THAP7,-2.8769234972666857
THAP8,-4.336045228363271
THAP9,-1.553958822006332
THRA,-1.886967325163685
THRB,-0.7602830330212642
TP53,0.10238579547152431
TP63,-0.05877178259176161
TP73,0.5374028518898275
TRERF1,-5.243893208273353
TRPS1,1.7418660777102621
TSC22D1,-2.5049689734780847
TSHZ1,-3.840198716533787
TSHZ2,-0.6855692403047011
TSHZ3,-2.406916599908785
TWIST1,1.3676120887573404
TWIST2,0.9858591211047053
UBP1,-0.9086472661339955
UNCX,-1.146132174537592
USF1,2.4372897443838646
USF2,2.853568697062533
VAX1,0.8968063130090641
VAX2,0.8968063130090641
VDR,0.32240914133835896
VENTX,1.3434051799832818
VEZF1,0.8234322839048592
VSX1,-0.03743291762880011
VSX2,-0.14911104128404173
WIZ,-1.0469240980054797
WT1,1.4743077895620478
XBP1,-0.936352573425608
YBX1,-0.09186111368853535
YBX2,-1.0298039099711884
YBX3,-12.475613122818071
YY1,0.00396482542232883
YY2,-1.9434245673522637
ZBED1,1.8236145959639538
ZBED2,-2.0552936466139258
ZBED3,-3.6327259081601913
ZBED4,3.862293967155136
ZBED5,-2.7974617235566894
ZBED6,0.4160715257268628
ZBTB1,1.5265236785322585
ZBTB11,2.693600456393726
ZBTB12,-3.021144248181694
ZBTB14,-2.8762750412514118
ZBTB16,-0.3398168614876046
ZBTB17,0.5708885460219865
ZBTB18,1.3249843570286433
ZBTB2,4.064514402343347
ZBTB20,0.7470518627968088
ZBTB21,14.585803710407111
ZBTB22,-5.356258468553801
ZBTB24,1.3939564944805427
ZBTB25,-3.5179694502777386
ZBTB26,-3.046709858342567
ZBTB32,-1.268916337116669
ZBTB33,1.3764397527291041
ZBTB34,1.926795862980312
ZBTB37,-5.290201430581856
ZBTB38,-1.0341933140006814
ZBTB39,1.4183123924378975
ZBTB4,2.5783812405086417
ZBTB40,-3.167275734534613
ZBTB41,-2.3101960973156985
ZBTB42,-0.38005937561797787
ZBTB43,7.933372530372829
ZBTB44,0.042572448787641326
ZBTB45,-3.8003146990451784
ZBTB46,-2.4921727368757973
ZBTB47,-1.0630749159980883
ZBTB48,-3.304646889736787
ZBTB49,-1.1934677034817387
ZBTB5,2.518217198835843
ZBTB6,1.068569729865944
ZBTB7A,-2.1207240984642475
ZBTB7B,1.186543618277105
ZBTB7C,-1.3374713843256067
ZBTB8B,-2.34061234623975
ZC3H8,-2.191495817634434
ZEB1,0.28448685055422107
ZEB2,1.5404002037920947
ZFAT,-5.450454217217351
ZFHX2,-3.2344504662013858
ZFHX3,-1.8083210483098597
ZFHX4,-4.044614535763211
ZFP1,-2.4148172739096676
ZFP14,-4.336922684270085
ZFP2,-2.826811036695311
ZFP28,-2.3127481322943213
ZFP3,-0.7012387100630688
ZFP30,-2.2295431012043836
ZFP37,-0.26607087650507366
ZFP41,-3.890619303426084
ZFP42,-2.222482315097478
ZFP62,-3.6516860612644275
ZFP64,-5.823382302618748
ZFP69,-2.1601983888932303
ZFP69B,0.9395010055856275
ZFP82,-2.2233173101679355
ZFP90,-5.613913011642983
ZFP91,3.420731236376261
ZFP92,2.8262693554894613
ZFPM1,0.014866262862369816
ZFPM2,-4.8540878119248365
ZFX,1.565281418722096
ZFY,-0.3895688562727505
ZGLP1,3.337017878857397
ZGPAT,-0.5792550436404638
ZHX1,-5.609454178416077
ZHX2,-2.5785043581523186
ZHX3,0.840388203592179
ZIC1,0.1160636519587843
ZIC3,2.2374377678895674
ZIC4,0.31462108076135364
ZIK1,0.6813149350792416
ZIM3,0.06252132560976771
ZKSCAN1,0.6904639403279291
ZKSCAN2,-0.9149820343654381
ZKSCAN3,-2.348054318330384
ZKSCAN4,-0.6455565895938178
ZKSCAN5,-4.626520621748325
ZKSCAN7,-2.59131278750048
ZKSCAN8,-1.2251972609930928
ZNF10,0.26277802255837374
ZNF100,-2.058504806480644
ZNF101,1.7596951008551898
ZNF107,-1.9794959675148394
ZNF112,-1.1436274083900277
ZNF117,-0.8562088426567698
ZNF121,5.436896659840566
ZNF124,0.4856350925470491
ZNF131,3.641130187155826
ZNF132,-1.0305198855428734
ZNF133,-3.154201769311346
ZNF134,1.0701464616579173
ZNF135,-5.0905171219811045
ZNF136,-0.5062291183773804
ZNF138,-4.2517160088507335
ZNF14,-0.07163218581536607
ZNF140,-0.06919095751445319
ZNF141,0.8217024385615653
ZNF142,-2.399385225295144
ZNF143,0.23114924092809527
ZNF146,5.284011701596907
ZNF148,-1.4771470621871048
ZNF154,-0.19557648488022866
ZNF155,0.6599906569882815
ZNF16,-1.8417960594235505
ZNF160,-0.9090634396793938
ZNF165,1.0990243791511518
ZNF169,-2.2917699016026987
ZNF17,-1.3566855536094184
ZNF174,2.6595159218243114
ZNF175,2.4872323993196197
ZNF18,-3.60084470635178
ZNF180,-2.4265629423460764
ZNF181,-0.5960476706624929
ZNF182,-4.4529520056906415
ZNF184,-1.9072815427152643
ZNF189,3.1394325473576603
ZNF19,-2.346179494026818
ZNF195,1.66311556041934
ZNF197,0.15652860705417002
ZNF2,-0.21275769743237358
ZNF200,1.1164901339864368
ZNF202,-2.205639993486019
ZNF205,-2.769700409081974
ZNF207,5.472027667385782
ZNF208,-0.49375684570198736
ZNF211,-1.7306895559349658
ZNF212,-1.639101279093896
ZNF213,-3.709788553434376
ZNF214,-1.9379297400799742
ZNF215,0.5274844771634957
ZNF217,3.085809746145933
ZNF219,-2.571509309085122
ZNF22,-0.4503522812303107
ZNF221,-0.6857540814928882
ZNF222,2.0776209875961866
ZNF223,1.4938188993325472
ZNF224,2.8710603637381973
ZNF225,-1.7200843321049104
ZNF226,-3.946645787999869
ZNF227,-2.4840017431125565
ZNF229,-0.7454728399746408
ZNF23,-3.3304402897473064
ZNF230,0.9356848673709469
ZNF232,-0.7998603717012546
ZNF233,-3.228022634175126
ZNF234,-1.180829448893323
ZNF235,-1.5991376524580403
ZNF236,-4.740025862827084
ZNF239,-0.22251314639943906
ZNF24,-1.3020958482867249
ZNF248,-2.9353181660011307
ZNF25,-2.8138882729806958
ZNF250,-0.6030241759001315
ZNF251,-5.109712513614121
ZNF253,-1.1311408206180251
ZNF254,-0.2180361959530475
ZNF256,-1.1764748232028537
ZNF257,0.6232518634611384
ZNF26,1.2055691177713834
ZNF260,-1.8562049089648334
ZNF263,-1.788414035239824
ZNF264,-1.56738747101783
ZNF266,-2.1369696390899424
ZNF267,9.645961692703011
ZNF268,2.35079727596147
ZNF273,-1.7007636155068833
ZNF274,-1.4342764757015336
ZNF275,1.2216903736170455
ZNF276,-0.24275979548673954
ZNF277,-0.996771884945269
ZNF28,-0.980060426122962
ZNF280B,-0.6427889197734096
ZNF280C,-1.77815157973705
ZNF280D,-3.6390552632380913
ZNF281,-5.257694931377034
ZNF282,-2.3061709646537203
ZNF283,-2.3743094861126437
ZNF284,-0.981015917745867
ZNF285,-0.5190358638688382
ZNF286A,-0.5159708606128067
ZNF286B,0.16298118462825908
ZNF287,-2.447924253785896
ZNF292,-0.6754834023377683
ZNF296,0.7104145282620827
ZNF3,-1.3805935890584984
ZNF30,-2.4912239749769474
ZNF300,1.7863201018982302
ZNF302,-3.0698890350136496
ZNF304,-1.1775170183262815
ZNF311,-1.9285245710795464
ZNF316,-1.8521016310763485
ZNF317,1.3124326383992642
ZNF318,5.0441699388242505
ZNF319,-1.8865750317791472
ZNF32,-4.776945251712466
ZNF320,-2.2047314637061612
ZNF322,-4.065519967750936
ZNF324,2.1779688469203213
ZNF324B,0.9443972595452598
ZNF329,-2.3809194819085207
ZNF331,4.954159503162676
ZNF333,-1.4609192522572296
ZNF334,-2.845519332539846
ZNF335,-0.39532749194312494
ZNF337,-2.8607055256358267
ZNF33A,-3.0874572251965477
ZNF33B,-4.119524173936436
ZNF34,-1.5076674506730523
ZNF341,-3.4606683846934976
ZNF343,1.6550034059625824
ZNF345,-4.891743641989156
ZNF347,-1.7790303957725702
ZNF35,4.227942102813389
ZNF350,-0.5816276632184577
ZNF354A,-1.8836844960732548
ZNF354B,-0.7692118132738783
ZNF354C,2.628086162899083
ZNF358,-0.6431033864680751
ZNF362,-2.67111965269737
ZNF366,-2.682317418433399
ZNF37A,-0.09825025634496341
ZNF382,-2.2023034154634815
ZNF383,-0.6232787187705178
ZNF384,0.7748763549587597
ZNF391,-2.6037692428905324
ZNF394,5.197928571021717
ZNF396,2.61090786778032
ZNF397,4.218135990124307
ZNF398,-0.4174006632735004
ZNF404,-3.1654022009590173
ZNF407,-3.8479894264579184
ZNF408,-1.60006439025177
ZNF41,-2.693102479841064
ZNF410,1.9773536137678205
ZNF414,-4.5165376874598
ZNF415,-2.2676874684740547
ZNF416,0.20458697831077835
ZNF417,-1.826455270164158
ZNF418,-2.4161120310968895
ZNF419,-0.25833447819196503
ZNF420,-2.048445786958356
ZNF423,-5.373750012283925
ZNF425,-1.7841651032983101
ZNF426,1.6646754267500397
ZNF429,-1.0564851833943667
ZNF43,-1.909692888487719
ZNF430,0.1311210816744283
ZNF431,1.4253668308396412
ZNF432,0.5601912907019362
ZNF433,0.6822613694159982
ZNF436,-1.1684532720958611
ZNF438,5.4758673470737
ZNF439,-1.839243254186242
ZNF44,-0.7547160922414985
ZNF440,0.19876526205204312
ZNF441,-1.3315380960192482
ZNF442,1.4262264881443967
ZNF443,-1.7924967300091732
ZNF444,-2.2384068815980194
ZNF445,-4.613270814279611
ZNF446,0.25484187603744135
ZNF449,-0.14625256409845774
ZNF45,-2.0905469772597667
ZNF451,1.7991932099590007
ZNF454,0.5896331237384519
ZNF460,6.592445698865217
ZNF461,-1.930069599111741
ZNF462,-4.71474323331392
ZNF467,0.10421277023311876
ZNF468,0.9984109276774051
ZNF469,1.0484291074424699
ZNF470,-0.28272841837604773
ZNF471,-3.609957491179197
ZNF48,-2.4515739254366355
ZNF480,-0.3753956706960869
ZNF483,-0.552912932813682
ZNF484,0.24457517249366498
ZNF485,1.231087372978935
ZNF487,-0.8124070912379976
ZNF490,-1.4031723976229427
ZNF491,-2.8327853463056965
ZNF493,-1.9383630302371102
ZNF496,-1.1932687272833091
ZNF497,-2.9962680351831326
ZNF500,-3.5919768133214163
ZNF501,-1.3845654949546324
ZNF502,-0.18399610591344337
ZNF506,-0.9398059599333785
ZNF507,-0.6035778561509795
ZNF510,-3.1510915367983023
ZNF511,-3.534427297856502
ZNF512,-2.729065063320666
ZNF512B,-2.821408094295028
ZNF513,0.4148787541582023
ZNF514,-2.292522750324156
ZNF516,0.5445442463964404
ZNF517,-1.8521422844958755
ZNF518A,-3.996920240910489
ZNF518B,0.7419318333632515
ZNF519,-6.1931763324179
ZNF521,-5.613240470685377
ZNF524,-2.7074049653352006
ZNF525,-0.03484098268758746
ZNF526,-1.7996605854184027
ZNF527,-1.1643035327221865
ZNF528,-0.7759448057251338
ZNF529,0.6330174136929313
ZNF530,-2.698675454687289
ZNF532,-4.1394152209771145
ZNF536,-1.9294611206765202
ZNF540,0.15737573354191703
ZNF541,-0.9999091680764326
ZNF543,1.0554069312464858
ZNF544,-1.392803112825224
ZNF546,-3.9018734096393044
ZNF547,1.3203214727324484
ZNF548,1.8511304325741673
ZNF549,-1.6732517017782855
ZNF550,0.4343757403114542
ZNF551,0.2536678615905539
ZNF552,-0.7976315391553905
ZNF554,-1.5570723071384036
ZNF555,-1.6337626048555145
ZNF556,-1.4834385547068931
ZNF557,0.6924282849478076
ZNF558,-2.763589825453238
ZNF559,-1.270845949518569
ZNF561,-1.7260126110219427
ZNF562,5.194473670178441
ZNF563,-0.3076565101312419
ZNF565,-1.6840865317602582
ZNF566,-0.06783108045451927
ZNF567,0.628005470252494
ZNF568,2.178888276455065
ZNF569,-2.7293078817970504
ZNF57,1.281051695825487
ZNF570,0.24755232444815004
ZNF571,-1.6095386611274969
ZNF572,-1.2837766255821048
ZNF573,-2.7482658750464917
ZNF574,-1.4650014594090737
ZNF575,-3.1326909039787543
ZNF576,-5.867657577313661
ZNF577,-2.5210665469765083
ZNF578,1.2595624802432697
ZNF579,0.060609340211660895
ZNF580,-1.746403962696525
ZNF581,-2.3806850659225662
ZNF582,0.4405184577683781
ZNF583,0.1997903463187404
ZNF584,0.0474252837054282
ZNF585A,-3.086732773316135
ZNF585B,-1.3265158292541814
ZNF586,-1.142667267036344
ZNF587,-1.8941693875295686
ZNF589,1.648416718020109
ZNF592,0.7387234417514219
ZNF594,-2.1304568675947535
ZNF595,1.8794763316351648
ZNF596,-2.414873317949907
ZNF597,3.218798553109748
ZNF599,-3.112137778719126
ZNF600,-0.18248109535675539
ZNF605,-3.8378889060585837
ZNF606,3.105509217511284
ZNF607,-2.2027891209514476
ZNF610,-1.1536238128926775
ZNF611,-2.7139075511169097
ZNF613,0.39160572196439875
ZNF614,4.1864817659245235
ZNF615,1.746066628933688
ZNF616,-1.7305572923372108
ZNF618,-6.115496369275828
ZNF619,-2.3091171001283333
ZNF620,0.5441324301644607
ZNF621,-2.977103632623285
ZNF623,-3.068749297708651
ZNF624,-2.996791276250364
ZNF626,-1.28834218988213
ZNF627,-0.10647926093892252
ZNF628,-0.12768581890086583
ZNF629,-0.10194600556713175
ZNF639,-1.306839051623215
ZNF641,-4.165133217699771
ZNF644,-0.49617302681211706
ZNF646,-1.5657122386122768
ZNF649,-1.5821173902531358
ZNF652,-1.1020400221350095
ZNF653,1.366561231574495
ZNF654,4.092328303497086
ZNF655,2.1769180337337897
ZNF658,0.041657107528633185
ZNF660,-0.420442222029326
ZNF662,-4.736829024492523
ZNF664,-3.465926107473903
ZNF665,-5.4715700570866765
ZNF667,-0.4003011675041388
ZNF668,-3.012275633124449
ZNF669,2.317777263503038
ZNF670,2.2863021209718406
ZNF671,-0.4766052096334788
ZNF672,1.8331195991545362
ZNF674,-1.9152983908446475
ZNF675,-1.3817610981865467
ZNF676,-2.0722320969124315
ZNF677,-1.3628988904524728
ZNF678,-2.8549856284244393
ZNF680,-4.349065641589033
ZNF681,-2.962493699997752
ZNF682,-1.4328771705814631
ZNF683,1.4937829312518998
ZNF684,-3.8636653633939892
ZNF687,-1.720531891516851
ZNF689,0.15738894061427303
ZNF69,-3.61225927439796
ZNF691,-3.4704453238208366
ZNF692,-2.018313470466868
ZNF696,-1.731716396546501
ZNF697,3.3397804924581895
ZNF699,-0.9510808481733006
ZNF7,-0.5798738180768305
ZNF70,-1.9824976427592227
ZNF700,-1.6545354449231733
ZNF701,-1.9096439593996444
ZNF707,-1.7771324426173951
ZNF708,0.4008249748504235
ZNF71,-2.3472752801739425
ZNF710,-0.24746792950930596
ZNF711,-0.7627266268594647
ZNF713,0.22069301283055612
ZNF714,-2.5905020911030694
ZNF717,-3.790533937474259
ZNF718,-0.32974358820268984
ZNF721,0.012011154832659375
ZNF726,-0.551395704697997
ZNF736,-2.56523210855026
ZNF737,-1.976376594289984
ZNF74,-1.3939475401272008
ZNF740,-0.34414318861805687
ZNF746,-1.3095494564004346
ZNF749,2.7430829249157314
ZNF750,0.5463115173333869
ZNF75A,-0.759163934279931
ZNF75D,-3.7875436198690657
ZNF76,-3.579944900652193
ZNF761,0.6203530819761172
ZNF763,-0.6812212101138847
ZNF764,-0.25190946258129526
ZNF765,-2.3972062531641876
ZNF766,1.230171308720696
ZNF768,-3.3989812212405304
ZNF77,1.050520937733741
ZNF770,1.3581289551020677
ZNF771,-1.2718153874043834
ZNF772,-1.6212864363978339
ZNF773,0.4589487865807771
ZNF774,-2.6500284643454664
ZNF775,-1.682292794249273
ZNF776,-1.735749423989874
ZNF777,-2.8344029534132904
ZNF778,-0.16050351425302112
ZNF780A,-3.392044829018318
ZNF780B,-3.1982151058312174
ZNF781,-3.5016643253063466
ZNF782,-1.8832695803654873
ZNF784,-0.35351369720433085
ZNF785,-2.746379631495731
ZNF786,-1.4646863688120253
ZNF787,0.661826813765563
ZNF789,-3.793916911637549
ZNF79,-1.149341606082771
ZNF790,-2.4915785507696646
ZNF791,2.328489405670356
ZNF792,-1.039732383828748
ZNF793,-2.804523869957043
ZNF799,-0.8377998693277622
ZNF8,0.7841599522433328
ZNF800,9.154767359658173
ZNF805,1.9040037816236417
ZNF808,-4.173078318633579
ZNF81,0.7432866179240497
ZNF813,-1.0651577775426346
ZNF814,0.564726340674165
ZNF816,-1.6465549156939492
ZNF823,-2.7315152085511536
ZNF827,-5.253056455308402
ZNF829,-1.2101829748124242
ZNF83,2.1361642875205513
ZNF835,-2.4263741871911964
ZNF836,-1.0673193908068244
ZNF837,-2.214301484723383
ZNF84,-3.394681513668772
ZNF841,1.817864463467648
ZNF844,-1.0128023301592304
ZNF845,-0.283331554184883
ZNF846,-5.007844371246474
ZNF85,0.9139485619764036
ZNF853,-3.8026596221952005
ZNF860,-2.27410527474447
ZNF879,-2.0577306276312077
ZNF880,1.6615266217825242
ZNF883,-1.5796820382509116
ZNF891,-1.9160245463470118
ZNF90,-2.4559289988396444
ZNF91,2.4392353612310465
ZNF92,1.4143964072268151
ZNF93,-0.3523235118198053
ZSCAN1,-1.2688417860688672
ZSCAN12,-1.6273118681855168
ZSCAN16,0.6228811069982707
ZSCAN2,-1.4367555964014347
ZSCAN20,0.05638989517111011
ZSCAN21,-1.0292656738779593
ZSCAN22,-0.50175790358337
ZSCAN25,-1.7747417400606877
ZSCAN26,-3.929263273890314
ZSCAN29,-1.0001062357077508
ZSCAN30,-3.1773533583261955
ZSCAN31,-2.8937036391086832
ZSCAN32,-0.15135095566623344
ZSCAN4,0.8429067399063543
ZSCAN5A,-3.2870419997105325
ZSCAN9,-0.14424956504216419
ZXDA,-2.4718252721832847
ZXDB,2.092788101597135
ZXDC,-1.907765537103587
ZZZ3,-0.6400726037301516
